WO	1877	BRI[e]	Spencer Gore	BRI	William Marshall	6-1, 6-2, 6-4	3
WO	1878	BRI	Frank Hadow ‡	BRI	Spencer Gore	7-5, 6-1, 9-7	3
WO	1879	BRI	John Hartley ◊	BRI	Vere St. Leger Goold	6-2, 6-4, 6-2	3
WO	1880	BRI	John Hartley †	BRI	Herbert Lawford	6-3, 6-2, 2-6, 6-3	3
WO	1881	BRI	William Renshaw ‡	BRI	John Hartley	6-0, 6-1, 6-1	3
USO	1881	USA	Richard Sears *	USA	William Glyn	6-0, 6-3, 6-2	4
WO	1882	BRI	William Renshaw †	BRI	Ernest Renshaw	6-1, 2-6, 4-6, 6-2, 6-2	3
USO	1882	USA	Richard Sears	USA	Clarence Clark	6-1, 6-4, 6-0	4
WO	1883	BRI	William Renshaw †	BRI	Ernest Renshaw	2-6, 6-3, 6-3, 4-6, 6-3	3
USO	1883	USA	Richard Sears	USA	James Dwight	6-2, 6-0, 9-7	4
WO	1884	BRI	William Renshaw †	BRI	Herbert Lawford	6-0, 6-4, 9-7	3
USO	1884	USA	Richard Sears †	USA	Howard Taylor	6-0, 1-6, 6-0, 6-2	4
WO	1885	BRI	William Renshaw †	BRI	Herbert Lawford	7-5, 6-2, 4-6, 7-5	3
USO	1885	USA	Richard Sears †	USA	Godfrey Brinley	6-3, 4-6, 6-0, 6-3	4
WO	1886	BRI	William Renshaw †	BRI	Herbert Lawford	6-0, 5-7, 6-3, 6-4	3
USO	1886	USA	Richard Sears †	USA	Robert Livingston Beeckman	4-6, 6-1, 6-3, 6-4	4
WO	1887	BRI	Herbert Lawford ◊	BRI	Ernest Renshaw	1-6, 6-3, 3-6, 6-4, 6-4	3
USO	1887	USA	Richard Sears †	USA	Henry Slocum	6-1, 6-3, 6-2	4
WO	1888	BRI	Ernest Renshaw ‡	BRI	Herbert Lawford	6-3, 7-5, 6-0	3
USO	1888	USA	Henry Slocum ◊	USA	Howard Taylor	6-4, 6-1, 6-0	4
WO	1889	BRI	William Renshaw ‡	BRI	Ernest Renshaw	6-4, 6-1, 3-6, 6-0	3
USO	1889	USA	Henry Slocum †	USA	Quincy Shaw	6-3, 6-1, 4-6, 6-2	4
WO	1890	BRI	Willoughby Hamilton ‡	BRI	William Renshaw	6-8, 6-2, 3-6, 6-1, 6-1	3
USO	1890	USA	Oliver Campbell ‡	USA	Henry Slocum	6-2, 4-6, 6-3, 6-1	4
FO	1891	GBR	H. Briggs	FRA	P. Baigneres	6-3, 6-4	2
WO	1891	BRI	Wilfred Baddeley ◊	BRI	Joshua Pim	6-4, 1-6, 7-5, 6-0	3
USO	1891	USA	Oliver Campbell †	USA	Clarence Hobart	2-6, 7-5, 7-9, 6-1, 6-2	4
FO	1892	FRA	Jean Schopfer	USA	Francis Louis Fassitt	6-2, 1-6, 6-2	2
WO	1892	BRI	Wilfred Baddeley †	BRI	Joshua Pim	4-6, 6-3, 6-3, 6-2	3
USO	1892	USA	Oliver Campbell †	USA	Frederick Hovey	7-5, 3-6, 6-3, 7-5	4
FO	1893	FRA	Laurent Riboulet	FRA	Jean Schopfer	6-3, 6-3	2
WO	1893	BRI	Joshua Pim ‡	BRI	Wilfred Baddeley	3-6, 6-1, 6-3, 6-2	3
USO	1893	USA	Robert Wrenn ◊	USA	Frederick Hovey	6-4, 3-6, 6-4, 6-4	4
FO	1894	FRA	André Vacherot	FRA	Gérard Brosselin	1-6, 6-3, 6-3	2
WO	1894	BRI	Joshua Pim †	BRI	Wilfred Baddeley	10-8, 6-2, 8-6	3
USO	1894	USA	Robert Wrenn †	GBR	Manliff Goodbody	6-8, 6-1, 6-4, 6-4	4
FO	1895	FRA	André Vacherot	FRA	Laurent Riboulet	9-7, 6-2	2
WO	1895	BRI	Wilfred Baddeley ◊	BRI	Wilberforce Eaves	4-6, 2-6, 8-6, 6-2, 6-3	3
USO	1895	USA	Frederick Hovey ‡	USA	Robert Wrenn	6-3, 6-2, 6-4	4
FO	1896	FRA	André Vacherot	FRA	Gérard Brosselin	6-1, 7-5	2
WO	1896	BRI	Harold Mahony ‡	BRI	Wilfred Baddeley	6-2, 6-8, 5-7, 8-6, 6-3	3
USO	1896	USA	Robert Wrenn ‡	USA	Frederick Hovey	7-5, 3-6, 6-0, 1-6, 6-1	4
FO	1897	FRA	Paul Aymé	GBR	Francky Wardan	4-6, 6-4, 6-2	2
WO	1897	BRI	Reginald Doherty ‡	BRI	Harold Mahony	6-4, 6-4, 6-3	3
USO	1897	USA	Robert Wrenn †	GBR	Wilberforce Eaves	4-6, 8-6, 6-3, 2-6, 6-2	4
FO	1898	FRA	Paul Aymé	FRA	Paul Lebreton	5-7, 6-1, 6-2	2
WO	1898	BRI	Reginald Doherty †	BRI	Lawrence Doherty	6-3, 6-3, 2-6, 5-7, 6-1	3
USO	1898	USA	Malcolm Whitman ◊	USA	Dwight Davis	3-6, 6-2, 6-2, 6-1	4
FO	1899	FRA	Paul Aymé	FRA	Paul Lebreton	9-7, 3-6, 6-3	2
WO	1899	BRI	Reginald Doherty †	BRI	Arthur Gore	1-6, 4-6, 6-3, 6-3, 6-3	3
USO	1899	USA	Malcolm Whitman †	USA	Jahial Parmly Paret	6-1, 6-2, 3-6, 7-5	4
FO	1900	FRA	Paul Aymé	FRA	André Prévost	6-3, 6-0	2
WO	1900	BRI	Reginald Doherty †	BRI	Sydney Smith	6-8, 6-3, 6-1, 6-2	3
USO	1900	USA	Malcolm Whitman †	USA	William Larned	6-4, 1-6, 6-2, 6-2	4
FO	1901	FRA	André Vacherot	FRA	Paul Lebreton	—	2
WO	1901	BRI	Arthur Gore ‡	BRI	Reginald Doherty	4-6, 7-5, 6-4, 6-4	3
USO	1901	USA	William Larned ◊	USA	Beals Wright	6-2, 6-8, 6-4, 6-4	4
FO	1902	FRA	Michel Vacherot	FRA	Max Decugis	6-4, 6-2	2
WO	1902	BRI	Lawrence Doherty ‡	BRI	Arthur Gore	6-4, 6-3, 3-6, 6-0	3
USO	1902	USA	William Larned †	GBR	Reginald Doherty	4-6, 6-2, 6-4, 8-6	4
FO	1903	FRA	Max Decugis	FRA	André Vacherot	6-3, 6-2	2
WO	1903	BRI	Lawrence Doherty †	BRI	Frank Riseley	7-5, 6-3, 6-0	3
USO	1903	GBR	Lawrence Doherty ‡	USA	William Larned	6-0, 6-3, 10-8	4
FO	1904	FRA	Max Decugis	FRA	André Vacherot	6-1, 9-7, 6-8, 6-1	2
WO	1904	BRI	Lawrence Doherty †	BRI	Frank Riseley	6-1, 7-5, 8-6	3
USO	1904	USA	Holcombe Ward ◊	USA	William Clothier	10-8, 6-4, 9-7	4
AO	1905	AUS	Rodney Heath	AUS	Albert Curtis	4-6, 6-3, 6-4, 6-4	1
FO	1905	FRA	Maurice Germot	FRA	André Vacherot	—	2
WO	1905	BRI	Lawrence Doherty †	AUS	Norman Brookes	8-6, 6-2, 6-4	3
USO	1905	USA	Beals Wright ‡	USA	Holcombe Ward	6-2, 6-1, 11-9	4
AO	1906	NZL	Anthony Wilding	NZL	Francis Fisher	6-0, 6-4, 6-4	1
FO	1906	FRA	Maurice Germot	FRA	Max Decugis	5-7, 6-3, 6-4, 1-6, 6-3	2
WO	1906	BRI	Lawrence Doherty †	BRI	Frank Riseley	6-4, 4-6, 6-2, 6-3	3
USO	1906	USA	William Clothier ‡	USA	Beals Wright	6-3, 6-0, 6-4	4
AO	1907	AUS	Horace Rice	NZL	Harry Parker	6-3, 6-4, 6-4	1
FO	1907	FRA	Max Decugis	FRA	Robert Wallet	—	2
WO	1907	AUS	Norman Brookes ◊	BRI	Arthur Gore	6-4, 6-2, 6-2	3
USO	1907	USA	William Larned ◊	USA	Robert LeRoy	6-2, 6-2, 6-4	4
AO	1908	USA	Fred Alexander	AUS	Alfred Dunlop	3-6, 3-6, 6-0, 6-2, 6-3	1
FO	1908	FRA	Max Decugis	FRA	Maurice Germot	6-2, 6-1, 3-6, 10-8	2
WO	1908	BRI	Arthur Gore ◊	BRI	Herbert Roper Barrett	6-3, 6-2, 4-6, 3-6, 6-4	3
USO	1908	USA	William Larned †	USA	Beals Wright	6-1, 6-2, 8-6	4
AO	1909	NZL	Anthony Wilding	AUS	Ernie Parker	6-1, 7-5, 6-2	1
FO	1909	FRA	Max Decugis	FRA	Maurice Germot	3-6, 2-6, 6-4, 6-4, 6-4	2
WO	1909	BRI	Arthur Gore †	BRI	Josiah Ritchie	6-8, 1-6, 6-2, 6-2, 6-2	3
USO	1909	USA	William Larned †	USA	William Clothier	6-1, 6-2, 5-7, 1-6, 6-1	4
AO	1910	AUS	Rodney Heath	AUS	Horace Rice	6-4, 6-3, 6-2	1
FO	1910	FRA	Maurice Germot	FRA	François Blanchy	6-1, 6-3, 4-6, 6-3	2
WO	1910	NZL	Anthony Wilding ‡	BRI	Arthur Gore	6-4, 7-5, 4-6, 6-2	3
USO	1910	USA	William Larned †	USA	Tom Bundy	6-1, 5-7, 6-0, 6-8, 6-1	4
AO	1911	AUS	Norman Brookes	AUS	Horace Rice	6-1, 6-2, 6-3	1
FO	1911	FRA	André Gobert	FRA	Maurice Germot	6-1, 8-6, 7-5	2
WO	1911	NZL	Anthony Wilding †	BRI	Herbert Roper Barrett	6-4, 4-6, 2-6, 6-2, retired[f]	3
USO	1911	USA	William Larned †	USA	Maurice McLoughlin	6-4, 6-4, 6-2	4
AO	1912	BRI[j]	James Cecil Parke	BRI	Alfred Beamish	3-6, 6-3, 1-6, 6-1, 7-5	1
FO	1912	FRA	Max Decugis	FRA	André Gobert	—	2
WO	1912	NZL	Anthony Wilding †	BRI	Arthur Gore	6-4, 6-4, 4-6, 6-4	3
USO	1912	USA	Maurice McLoughlin	USA	Wallace Johnson	3-6, 2-6, 6-2, 6-4, 6-2	4
AO	1913	AUS	Ernie Parker	NZL	Harry Parker	2-6, 6-1, 6-3, 6-2	1
FO	1913	FRA	Max Decugis	FRA	Georges Gault	—	2
WO	1913	NZL	Anthony Wilding †	USA	Maurice McLoughlin	8-6, 6-3, 10-8	3
USO	1913	USA	Maurice McLoughlin	USA	Richard Norris Williams	6-4, 5-7, 6-3, 6-1	4
AO	1914	AUS	Arthur O'Hara Wood	AUS	Gerald Patterson	6-4, 6-3, 5-7, 6-1	1
FO	1914	FRA	Max Decugis	FRA	Jean Samazeuilh	3-6, 6-1, 6-4, 6-4	2
WO	1914	AUS	Norman Brookes ‡	NZL	Anthony Wilding	6-4, 6-4, 7-5	3
USO	1914	USA	Richard Norris Williams	USA	Maurice McLoughlin	6-3, 8-6, 10-8	4
AO	1915	BRI	Gordon Lowe	AUS	Horace Rice	4-6, 6-1, 6-1, 6-4	1
FO	1915	—	~Not Contested	—	—	—	2
WO	1915	-	-	-	-	-	3
USO	1915	USA	Bill Johnston	USA	Maurice McLoughlin	1-6, 6-0, 7-5, 10-8	4
AO	1916	-	-	-	-	-	1
FO	1916	—	~Not Contested	—	—	—	2
WO	1916	-	-	-	-	-	3
USO	1916	USA	Richard Norris Williams	USA	Bill Johnston	4-6, 6-4, 0-6, 6-2, 6-4	4
AO	1917	-	-	-	-	-	1
FO	1917	—	~Not Contested	—	—	—	2
WO	1917	-	-	-	-	-	3
USO	1917	USA	Robert Lindley Murray[e]	USA	Nathaniel Niles	5-7, 8-6, 6-3, 6-3	4
AO	1918	-	-	-	-	-	1
FO	1918	—	~Not Contested	—	—	—	2
WO	1918	-	-	-	-	-	3
USO	1918	USA	Robert Lindley Murray	USA	Bill Tilden	6-3, 6-1, 7-5	4
AO	1919	BRI	Algernon Kingscote	AUS	Eric Pockley	6-4, 6-0, 6-3	1
FO	1919	—	~Not Contested	—	—	—	2
WO	1919	AUS	Gerald Patterson ‡	AUS	Norman Brookes	6-3, 7-5, 6-2	3
USO	1919	USA	Bill Johnston	USA	Bill Tilden	6-4, 6-4, 6-3	4
AO	1920	AUS	Pat O'Hara Wood	AUS	Ronald Thomas	6-3, 4-6, 6-8, 6-1, 6-3	1
FO	1920	FRA	André Gobert	FRA	Max Decugis	6-3, 3-6, 1-6, 6-2, 6-3	2
WO	1920	USA	Bill Tilden ‡	AUS	Gerald Patterson	2-6, 6-3, 6-2, 6-4	3
USO	1920	USA	Bill Tilden	USA	Bill Johnston	6-1, 1-6, 7-5, 5-7, 6-3	4
AO	1921	AUS	Rhys Gemmell	AUS	Alf Hedeman	7-5, 6-1, 6-4	1
FO	1921	FRA	Jean Samazeuilh	FRA	André Gobert	6-3, 6-3, 2-6, 7-5	2
WO	1921	USA	Bill Tilden †	RSA	Brian Norton	4-6, 2-6, 6-1, 6-0, 7-5	3
USO	1921	USA	Bill Tilden	USA	Wallace Johnson	6-1, 6-3, 6-1	4
AO	1922	AUS	James Anderson	AUS	Gerald Patterson	6-0, 3-6, 3-6, 6-3, 6-2	1
FO	1922	FRA	Henri Cochet	FRA	Jean Samazeuilh	8-6, 6-3, 7-5	2
WO	1922	AUS	Gerald Patterson	BRI	Randolph Lycett	6-3, 6-4, 6-2	3
USO	1922	USA	Bill Tilden	USA	Bill Johnston	4-6, 3-6, 6-2, 6-3, 6-4	4
AO	1923	AUS	Pat O'Hara Wood	AUS	Bert St. John	6-1, 6-1, 6-3	1
FO	1923	FRA	François Blanchy	FRA	Max Decugis	1-6, 6-2, 6-0, 6-2	2
WO	1923	USA	Bill Johnston	USA	Francis Hunter	6-0, 6-3, 6-1	3
USO	1923	USA	Bill Tilden	USA	Bill Johnston	6-4, 6-1, 6-4	4
AO	1924	AUS	James Anderson	AUS	Richard Schlesinger	6-3, 6-4, 3-6, 5-7, 6-3	1
FO	1924	FRA	Jean Borotra	FRA	René Lacoste	7-5, 6-4, 0-6, 5-7, 6-2	2
WO	1924	FRA	Jean Borotra	FRA	René Lacoste	6-1, 3-6, 6-1, 3-6, 6-4	3
USO	1924	USA	Bill Tilden	USA	Bill Johnston	6-1, 9-7, 6-2	4
AO	1925	AUS	James Anderson	AUS	Gerald Patterson	11-9, 2-6, 6-2, 6-3	1
FO	1925	FRA	René Lacoste	FRA	Jean Borotra	7-5, 6-1, 6-4	2
WO	1925	FRA	René Lacoste	FRA	Jean Borotra	6-3, 6-3, 4-6, 8-6	3
USO	1925	USA	Bill Tilden	USA	Bill Johnston	4-6, 11-9, 6-3, 4-6, 6-3	4
AO	1926	AUS	John Hawkes	AUS	James Willard	6-1, 6-3, 6-1	1
FO	1926	FRA	Henri Cochet	FRA	René Lacoste	6-2, 6-4, 6-3	2
WO	1926	FRA	Jean Borotra	USA	Howard Kinsey	8-6, 6-1, 6-3	3
USO	1926	FRA	René Lacoste	FRA	Jean Borotra	6-4, 6-0, 6-4	4
AO	1927	AUS	Gerald Patterson	AUS	John Hawkes	3-6, 6-4, 3-6, 18-16, 6-3	1
FO	1927	FRA	René Lacoste	USA	Bill Tilden	6-4, 4-6, 5-7, 6-3, 11-9	2
WO	1927	FRA	Henri Cochet	FRA	Jean Borotra	4-6, 4-6, 6-3, 6-4, 7-5	3
USO	1927	FRA	René Lacoste	USA	Bill Tilden	11-9, 6-3, 11-9	4
AO	1928	FRA	Jean Borotra	AUS	Jack Cummings	6-4, 6-1, 4-6, 5-7, 6-3	1
FO	1928	FRA	Henri Cochet	FRA	René Lacoste	5-7, 6-3, 6-1, 6-3	2
WO	1928	FRA	René Lacoste	FRA	Henri Cochet	6-1, 4-6, 6-4, 6-2	3
USO	1928	FRA	Henri Cochet	USA	Francis Hunter	4-6, 6-4, 3-6, 7-5, 6-3	4
AO	1929	GBR	John Colin Gregory	AUS	Richard Schlesinger	6-2, 6-2, 5-7, 7-5	1
FO	1929	FRA	René Lacoste	FRA	Jean Borotra	6-3, 2-6, 6-0, 2-6, 8-6	2
WO	1929	FRA	Henri Cochet	FRA	Jean Borotra	6-4, 6-3, 6-4	3
USO	1929	USA	Bill Tilden	USA	Francis Hunter	3-6, 6-3, 4-6, 6-2, 6-4	4
AO	1930	AUS	Edgar Moon	AUS	Harry Hopman	6-3, 6-1, 6-3	1
FO	1930	FRA	Henri Cochet	USA	Bill Tilden	3-6, 8-6, 6-3, 6-1	2
WO	1930	USA	Bill Tilden	USA	Wilmer Allison	6-3, 9-7, 6-4	3
USO	1930	USA	John Doeg	USA	Francis Shields	10-8, 1-6, 6-4, 16-14	4
AO	1931	AUS	Jack Crawford	AUS	Harry Hopman	6-4, 6-2, 2-6, 6-1	1
FO	1931	FRA	Jean Borotra	FRA	Christian Boussus	2-6, 6-4, 7-5, 6-4	2
WO	1931	USA	Sidney Wood	USA	Frank Shields	walkover[h]	3
USO	1931	USA	Ellsworth Vines	USA	George Lott	7-9, 6-3, 9-7, 7-5	4
AO	1932	AUS	Jack Crawford	AUS	Harry Hopman	4-6, 6-3, 3-6, 6-3, 6-1	1
FO	1932	FRA	Henri Cochet	ITA	Giorgio de Stefani	6-0, 6-4, 4-6, 6-3	2
WO	1932	USA	Ellsworth Vines	GBR	Bunny Austin	6-4, 6-2, 6-0	3
USO	1932	USA	Ellsworth Vines	FRA	Henri Cochet	6-4, 6-4, 6-4	4
AO	1933	AUS	Jack Crawford	USA	Keith Gledhill	2-6, 7-5, 6-3, 6-2	1
FO	1933	AUS	Jack Crawford	FRA	Henri Cochet	8-6, 6-1, 6-3	2
WO	1933	AUS	Jack Crawford	USA	Ellsworth Vines	4-6, 11-9, 6-2, 2-6, 6-4	3
USO	1933	GBR	Fred Perry	AUS	Jack Crawford	6-3, 11-13, 4-6, 6-0, 6-1	4
AO	1934	GBR	Fred Perry	AUS	Jack Crawford	6-3, 7-5, 6-1	1
FO	1934	GER	Gottfried von Cramm	AUS	Jack Crawford	6-4, 7-9, 3-6, 7-5, 6-3	2
WO	1934	GBR	Fred Perry	AUS	Jack Crawford	6-3, 6-0, 7-5	3
USO	1934	GBR	Fred Perry	USA	Wilmer Allison	6-4, 6-3, 3-6, 1-6, 8-6	4
AO	1935	AUS	Jack Crawford	GBR	Fred Perry	2-6, 6-4, 6-4, 6-4	1
FO	1935	GBR	Fred Perry	GER	Gottfried von Cramm	6-3, 3-6, 6-1, 6-3	2
WO	1935	GBR	Fred Perry	GER	Gottfried von Cramm	6-2, 6-4, 6-4	3
USO	1935	USA	Wilmer Allison	USA	Sidney Wood	6-2, 6-2, 6-3	4
AO	1936	AUS	Adrian Quist	AUS	Jack Crawford	6-2, 6-3, 4-6, 3-6, 9-7	1
FO	1936	GER	Gottfried von Cramm	GBR	Fred Perry	6-0, 2-6, 6-2, 2-6, 6-0	2
WO	1936	GBR	Fred Perry	GER	Gottfried von Cramm	6-1, 6-1, 6-0	3
USO	1936	GBR	Fred Perry	USA	Don Budge	2-6, 6-2, 8-6, 1-6, 10-8	4
AO	1937	AUS	Vivian McGrath	AUS	John Bromwich	6-3, 1-6, 6-0, 2-6, 6-1	1
FO	1937	GER	Henner Henkel	GBR	Bunny Austin	6-1, 6-4, 6-3	2
WO	1937	USA	Don Budge	GER	Gottfried von Cramm	6-3, 6-4, 6-2	3
USO	1937	USA	Don Budge	GER	Gottfried von Cramm	6-1, 7-9, 6-1, 3-6, 6-1	4
AO	1938	USA	Don Budge	AUS	John Bromwich	6-4, 6-2, 6-1	1
FO	1938	USA	Don Budge	TCH	Roderich Menzel	6-3, 6-2, 6-4	2
WO	1938	USA	Don Budge	GBR	Bunny Austin	6-1, 6-0, 6-3	3
USO	1938	USA	Don Budge	USA	Gene Mako	6-3, 6-8, 6-2, 6-1	4
AO	1939	AUS	John Bromwich	AUS	Adrian Quist	6-4, 6-1, 6-3	1
FO	1939	USA	Donald McNeill	USA	Bobby Riggs	7-5, 6-0, 6-3	2
WO	1939	USA	Bobby Riggs	USA	Elwood Cooke	2-6, 8-6, 3-6, 6-3, 6-2	3
USO	1939	USA	Bobby Riggs	USA	Welby Van Horn	6-4, 6-2, 6-4	4
AO	1940	AUS	Adrian Quist	AUS	Jack Crawford	6-3, 6-1, 6-2	1
FO	1940	—	~Not Contested	—	—	—	2
WO	1940	-	-	-	-	-	3
USO	1940	USA	Don McNeill	USA	Bobby Riggs	4-6, 6-8, 6-3, 6-3, 7-5	4
AO	1941	-	-	-	-	-	1
FO	1941	FRA	Bernard Destremau*	FRA	Robert Ramillon	6-4, 2-6, 6-3, 6-4	2
WO	1941	-	-	-	-	-	3
USO	1941	USA	Bobby Riggs	USA	Frank Kovacs	5-7, 6-1, 6-3, 6-3	4
AO	1942	-	-	-	-	-	1
FO	1942	FRA	Bernard Destremau*	FRA	Marcel Bernard	—	2
WO	1942	-	-	-	-	-	3
USO	1942	USA	Ted Schroeder	USA	Frank Parker	8-6, 7-5, 3-6, 4-6, 6-2	4
AO	1943	-	-	-	-	-	1
FO	1943	FRA	Yvon Petra*	FRA	Henri Cochet	—	2
WO	1943	-	-	-	-	-	3
USO	1943	USA	Joseph Hunt	USA	Jack Kramer	6-3, 6-8, 10-8, 6-0	4
AO	1944	-	-	-	-	-	1
FO	1944	FRA	Yvon Petra*	FRA	Henri Cochet	—	2
WO	1944	-	-	-	-	-	3
USO	1944	USA	Frank Parker	USA	Bill Talbert	6-4, 3-6, 6-3, 6-3	4
AO	1945	-	-	-	-	-	1
FO	1945	FRA	Yvon Petra*	FRA	Bernard Destremau	7-5, 6-4, 6-2	2
WO	1945	-	-	-	-	-	3
USO	1945	USA	Frank Parker	USA	Bill Talbert	14-12, 6-1, 6-2	4
AO	1946	AUS	John Bromwich	AUS	Dinny Pails	5-7, 6-3, 7-5, 3-6, 6-2	1
FO	1946	FRA	Marcel Bernard	TCH	Jaroslav Drobný	3-6, 2-6, 6-1, 6-4, 6-3	2
WO	1946	FRA	Yvon Petra	AUS	Geoff Brown	6-2, 6-4, 7-9, 5-7, 6-4	3
USO	1946	USA	Jack Kramer	USA	Tom Brown	9-7, 6-3, 6-0	4
AO	1947	AUS	Dinny Pails	AUS	John Bromwich	4-6, 6-4, 3-6, 7-5, 8-6	1
FO	1947	HUN	József Asbóth	RSA	Eric Sturgess	8-6, 7-5, 6-4	2
WO	1947	USA	Jack Kramer	USA	Tom Brown	6-1, 6-3, 6-2	3
USO	1947	USA	Jack Kramer	USA	Frank Parker	4-6, 2-6, 6-1, 6-0, 6-3	4
AO	1948	AUS	Adrian Quist	AUS	John Bromwich	6-4, 3-6, 6-3, 2-6, 6-3	1
FO	1948	USA	Frank Parker	TCH	Jaroslav Drobný	6-4, 7-5, 5-7, 8-6	2
WO	1948	USA	Bob Falkenburg	AUS	John Bromwich	7-5, 0-6, 6-2, 3-6, 7-5	3
USO	1948	USA	Pancho Gonzales	RSA	Eric Sturgess	6-2, 6-3, 14-12	4
AO	1949	AUS	Frank Sedgman	AUS	John Bromwich	6-3, 6-2, 6-2	1
FO	1949	USA	Frank Parker	USA	Budge Patty	6-3, 1-6, 6-1, 6-4	2
WO	1949	USA	Ted Schroeder	TCH	Jaroslav Drobný	3-6, 6-0, 6-3, 4-6, 6-4	3
USO	1949	USA	Pancho Gonzales	USA	Ted Schroeder	16-18, 2-6, 6-1, 6-2, 6-4	4
AO	1950	AUS	Frank Sedgman	AUS	Ken McGregor	6-3, 6-4, 4-6, 6-1	1
FO	1950	USA	Budge Patty	EGY	Jaroslav Drobný	6-1, 6-2, 3-6, 5-7, 7-5	2
WO	1950	USA	Budge Patty	AUS	Frank Sedgman	6-1, 8-10, 6-2, 6-3	3
USO	1950	USA	Arthur Larsen	USA	Herbert Flam	6-3, 4-6, 5-7, 6-4, 6-3	4
AO	1951	USA	Dick Savitt	AUS	Ken McGregor	6-3, 2-6, 6-3, 6-1	1
FO	1951	EGY	Jaroslav Drobný	RSA	Eric Sturgess	6-3, 6-3, 6-3	2
WO	1951	USA	Dick Savitt	AUS	Ken McGregor	6-4, 6-4, 6-4	3
USO	1951	AUS	Frank Sedgman	USA	Vic Seixas	6-4, 6-1, 6-1	4
AO	1952	AUS	Ken McGregor	AUS	Frank Sedgman	7-5, 12-10, 2-6, 6-2	1
FO	1952	EGY	Jaroslav Drobný	AUS	Frank Sedgman	6-2, 6-0, 3-6, 6-4	2
WO	1952	AUS	Frank Sedgman	EGY	Jaroslav Drobný	4-6, 6-2, 6-3, 6-2	3
USO	1952	AUS	Frank Sedgman	USA	Gardnar Mulloy	6-1, 6-2, 6-3	4
AO	1953	AUS	Ken Rosewall	AUS	Mervyn Rose	6-0, 6-3, 6-4	1
FO	1953	AUS	Ken Rosewall	USA	Vic Seixas	6-3, 6-4, 1-6, 6-2	2
WO	1953	USA	Vic Seixas	DEN	Kurt Nielsen	9-7, 6-3, 6-4	3
USO	1953	USA	Tony Trabert	USA	Vic Seixas	6-3, 6-2, 6-3	4
AO	1954	AUS	Mervyn Rose	AUS	Rex Hartwig	6-2, 0-6, 6-4, 6-2	1
FO	1954	USA	Tony Trabert	USA	Arthur Larsen	6-4, 7-5, 6-1	2
WO	1954	EGY	Jaroslav Drobný	AUS	Ken Rosewall	13-11, 4-6, 6-2, 9-7	3
USO	1954	USA	Vic Seixas	AUS	Rex Hartwig	3-6, 6-2, 6-4, 6-4	4
AO	1955	AUS	Ken Rosewall	AUS	Lew Hoad	9-7, 6-4, 6-4	1
FO	1955	USA	Tony Trabert	SWE	Sven Davidson	2-6, 6-1, 6-4, 6-2	2
WO	1955	USA	Tony Trabert	DEN	Kurt Nielsen	6-3, 7-5, 6-1	3
USO	1955	USA	Tony Trabert	AUS	Ken Rosewall	9-7, 6-3, 6-3	4
AO	1956	AUS	Lew Hoad	AUS	Ken Rosewall	6-4, 3-6, 6-4, 7-5	1
FO	1956	AUS	Lew Hoad	SWE	Sven Davidson	6-4, 8-6, 6-3	2
WO	1956	AUS	Lew Hoad	AUS	Ken Rosewall	6-2, 4-6, 7-5, 6-4	3
USO	1956	AUS	Ken Rosewall	AUS	Lew Hoad	4-6, 6-2, 6-3, 6-3	4
AO	1957	AUS	Ashley Cooper	AUS	Neale Fraser	6-3, 9-11, 6-4, 6-2	1
FO	1957	SWE	Sven Davidson	USA	Herbert Flam	6-3, 6-4, 6-4	2
WO	1957	AUS	Lew Hoad	AUS	Ashley Cooper	6-2, 6-1, 6-2	3
USO	1957	AUS	Malcolm Anderson	AUS	Ashley Cooper	10-8, 7-5, 6-4	4
AO	1958	AUS	Ashley Cooper	AUS	Malcolm Anderson	7-5, 6-3, 6-4	1
FO	1958	AUS	Mervyn Rose	CHI	Luis Ayala	6-3, 6-4, 6-4	2
WO	1958	AUS	Ashley Cooper	AUS	Neale Fraser	3-6, 6-3, 6-4, 13-11	3
USO	1958	AUS	Ashley Cooper	AUS	Malcolm Anderson	6-2, 3-6, 4-6, 10-8, 8-6	4
AO	1959	USA[g]	Alex Olmedo	AUS	Neale Fraser	6-1, 6-2, 3-6, 6-3	1
FO	1959	ITA	Nicola Pietrangeli	RSA	Ian Vermaak	3-6, 6-3, 6-4, 6-1	2
WO	1959	USA[j]	Alex Olmedo	AUS	Rod Laver	6-4, 6-3, 6-4	3
USO	1959	AUS	Neale Fraser	USA	Alex Olmedo	6-3, 5-7, 6-2, 6-4	4
AO	1960	AUS	Rod Laver	AUS	Neale Fraser	5-7, 3-6, 6-3, 8-6, 8-6	1
FO	1960	ITA	Nicola Pietrangeli	CHI	Luis Ayala	3-6, 6-3, 6-4, 4-6, 6-3	2
WO	1960	AUS	Neale Fraser	AUS	Rod Laver	6-4, 3-6, 9-7, 7-5	3
USO	1960	AUS	Neale Fraser	AUS	Rod Laver	6-4, 6-4, 9-7	4
AO	1961	AUS	Roy Emerson	AUS	Rod Laver	1-6, 6-3, 7-5, 6-4	1
FO	1961	ESP	Manuel Santana	ITA	Nicola Pietrangeli	4-6, 6-1, 3-6, 6-0, 6-2	2
WO	1961	AUS	Rod Laver	USA	Chuck McKinley	6-3, 6-1, 6-4	3
USO	1961	AUS	Roy Emerson	AUS	Rod Laver	7-5, 6-3, 6-2	4
AO	1962	AUS	Rod Laver	AUS	Roy Emerson	8-6, 0-6, 6-4, 6-4	1
FO	1962	AUS	Rod Laver	AUS	Roy Emerson	3-6, 2-6, 6-3, 9-7, 6-2	2
WO	1962	AUS	Rod Laver	AUS	Martin Mulligan	6-2, 6-2, 6-1	3
USO	1962	AUS	Rod Laver	AUS	Roy Emerson	6-2, 6-4, 5-7, 6-4	4
AO	1963	AUS	Roy Emerson	AUS	Ken Fletcher	6-3, 6-3, 6-1	1
FO	1963	AUS	Roy Emerson	FRA	Pierre Darmon	3-6, 6-1, 6-4, 6-4	2
WO	1963	USA	Chuck McKinley	AUS	Fred Stolle	9-7, 6-1, 6-4	3
USO	1963	MEX	Rafael Osuna	USA	Frank Froehling	7-5, 6-4, 6-2	4
AO	1964	AUS	Roy Emerson	AUS	Fred Stolle	6-3, 6-4, 6-2	1
FO	1964	ESP	Manuel Santana	ITA	Nicola Pietrangeli	6-3, 6-1, 4-6, 7-5	2
WO	1964	AUS	Roy Emerson	AUS	Fred Stolle	6-4, 12-10, 4-6, 6-3	3
USO	1964	AUS	Roy Emerson	AUS	Fred Stolle	6-4, 6-2, 6-4	4
AO	1965	AUS	Roy Emerson	AUS	Fred Stolle	7-9, 2-6, 6-4, 7-5, 6-1	1
FO	1965	AUS	Fred Stolle	AUS	Tony Roche	3-6, 6-0, 6-2, 6-3	2
WO	1965	AUS	Roy Emerson	AUS	Fred Stolle	6-2, 6-4, 6-4	3
USO	1965	ESP	Manuel Santana	RSA	Cliff Drysdale	6-2, 7-9, 7-5, 6-1	4
AO	1966	AUS	Roy Emerson	USA	Arthur Ashe	6-4, 6-8, 6-2, 6-3	1
FO	1966	AUS	Tony Roche	HUN	István Gulyás	6-1, 6-4, 7-5	2
WO	1966	ESP	Manuel Santana	USA	Dennis Ralston	6-4, 11-9, 6-4	3
USO	1966	AUS	Fred Stolle	AUS	John Newcombe	4-6, 12-10, 6-3, 6-4	4
AO	1967	AUS	Roy Emerson	USA	Arthur Ashe	6-4, 6-1, 6-4	1
FO	1967	AUS	Roy Emerson	AUS	Tony Roche	6-1, 6-4, 2-6, 6-2	2
WO	1967	AUS	John Newcombe	FRG	Wilhelm Bungert	6-3, 6-1, 6-1	3
USO	1967	AUS	John Newcombe	USA	Clark Graebner	6-4, 6-4, 8-6	4
AO	1968	AUS	William Bowrey	ESP	Juan Gisbert	7-5, 2-6, 9-7, 6-4	1
FO	1968	AUS	Ken Rosewall	AUS	Rod Laver	6-3, 6-1, 2-6, 6-2	2
WO	1968	AUS	Rod Laver	AUS	Tony Roche	6-3, 6-4, 6-2	3
USO	1968	USA	Arthur Ashe[b]	NED	Tom Okker	14-12, 5-7, 6-3, 3-6, 6-3	4
AO	1969	AUS	Rod Laver[b]	ESP	Andrés Gimeno	6-3, 6-4, 7-5	1
FO	1969	AUS	Rod Laver	AUS	Ken Rosewall	6-4, 6-3, 6-4	2
WO	1969	AUS	Rod Laver	AUS	John Newcombe	6-4, 5-7, 6-4, 6-4	3
USO	1969	AUS	Rod Laver	AUS	Tony Roche	7-9, 6-1, 6-2, 6-2	4
AO	1970	USA	Arthur Ashe	AUS	Dick Crealy	6-4, 9-7, 6-2	1
FO	1970	TCH	Jan Kodeš	YUG	Željko Franulović	6-2, 6-4, 6-0	2
WO	1970	AUS	John Newcombe	AUS	Ken Rosewall	5-7, 6-3, 6-2, 3-6, 6-1	3
USO	1970	AUS	Ken Rosewall	AUS	Tony Roche	2-6, 6-4, 7-6(5-2), 6-3[f]	4
AO	1971	AUS	Ken Rosewall	USA	Arthur Ashe	6-1, 7-5, 6-3	1
FO	1971	TCH	Jan Kodeš	ROU	Ilie Năstase	8-6, 6-2, 2-6, 7-5	2
WO	1971	AUS	John Newcombe	USA	Stan Smith	6-3, 5-7, 2-6, 6-4, 6-4	3
USO	1971	USA	Stan Smith	TCH	Jan Kodeš	3-6, 6-3, 6-2, 7-6(5-3)	4
AO	1972	AUS	Ken Rosewall	AUS	Malcolm Anderson	7-6(7-2), 6-3, 7-5	1
FO	1972	ESP	Andrés Gimeno	FRA	Patrick Proisy	4-6, 6-3, 6-1, 6-1	2
WO	1972	USA	Stan Smith	ROU	Ilie Năstase	4-6, 6-3, 6-3, 4-6, 7-5	3
USO	1972	ROU	Ilie Năstase	USA	Arthur Ashe	3-6, 6-3, 6-7(1-5), 6-4, 6-3	4
AO	1973	AUS	John Newcombe	NZL	Onny Parun	6-3, 6-7, 7-5, 6-1	1
FO	1973	ROU	Ilie Năstase	YUG	Nikola Pilić	6-3, 6-3, 6-0	2
WO	1973	TCH	Jan Kodeš	URS	Alex Metreveli	6-1, 9-8(7-5), 6-3	3
USO	1973	AUS	John Newcombe	TCH	Jan Kodeš	6-4, 1-6, 4-6, 6-2, 6-3	4
AO	1974	USA	Jimmy Connors	AUS	Phil Dent	7-6(9-7), 6-4, 4-6, 6-3	1
FO	1974	SWE	Björn Borg	ESP	Manuel Orantes	2-6, 6-7(1-7), 6-0, 6-1, 6-1	2
WO	1974	USA	Jimmy Connors	AUS	Ken Rosewall	6-1, 6-1, 6-4	3
USO	1974	USA	Jimmy Connors	AUS	Ken Rosewall	6-1, 6-0, 6-1	4
AO	1975	AUS	John Newcombe	USA	Jimmy Connors	7-5, 3-6, 6-4, 7-6(9-7)	1
FO	1975	SWE	Björn Borg	ARG	Guillermo Vilas	6-2, 6-3, 6-4	2
WO	1975	USA	Arthur Ashe	USA	Jimmy Connors	6-1, 6-1, 5-7, 6-4	3
USO	1975	ESP	Manuel Orantes	USA	Jimmy Connors	6-4, 6-3, 6-3	4
AO	1976	AUS	Mark Edmondson	AUS	John Newcombe	6-7, 6-3, 7-6, 6-1	1
FO	1976	ITA	Adriano Panatta	USA	Harold Solomon	6-1, 6-4, 4-6, 7-6(7-3)	2
WO	1976	SWE	Björn Borg	ROU	Ilie Năstase	6-4, 6-2, 9-7	3
USO	1976	USA	Jimmy Connors	SWE	Björn Borg	6-4, 3-6, 7-6(11-9), 6-4	4
AO	1977	USA	Roscoe Tanner[j]	ARG	Guillermo Vilas	6-3, 6-3, 6-3	1
AO	1977	USA	Vitas Gerulaitis[j]	GBR	John Lloyd	6-3, 7-6(7-1), 5-7, 3-6, 6-2	1
FO	1977	ARG	Guillermo Vilas	USA	Brian Gottfried	6-0, 6-3, 6-0	2
WO	1977	SWE	Björn Borg	USA	Jimmy Connors	3-6, 6-2, 6-1, 5-7, 6-4	3
USO	1977	ARG	Guillermo Vilas	USA	Jimmy Connors	2-6, 6-3, 7-6(7-4), 6-0	4
AO	1978	ARG	Guillermo Vilas	AUS	John Marks	6-4, 6-4, 3-6, 6-3	1
FO	1978	SWE	Björn Borg	ARG	Guillermo Vilas	6-1, 6-1, 6-3	2
WO	1978	SWE	Björn Borg	USA	Jimmy Connors	6-2, 6-2, 6-3	3
USO	1978	USA	Jimmy Connors	SWE	Björn Borg	6-4, 6-2, 6-2	4
AO	1979	ARG	Guillermo Vilas	USA	John Sadri	7-6(7-4), 6-3, 6-2	1
FO	1979	SWE	Björn Borg	PAR	Víctor Pecci	6-3, 6-1, 6-7(6-8), 6-4	2
WO	1979	SWE	Björn Borg	USA	Roscoe Tanner	6-7(4-7), 6-1, 3-6, 6-3, 6-4	3
USO	1979	USA	John McEnroe	USA	Vitas Gerulaitis	7-5, 6-3, 6-3	4
AO	1980	USA	Brian Teacher	AUS	Kim Warwick	7-5, 7-6(7-4), 6-3	1
FO	1980	SWE	Björn Borg	USA	Vitas Gerulaitis	6-4, 6-1, 6-2	2
WO	1980	SWE	Björn Borg	USA	John McEnroe	1-6, 7-5, 6-3, 6-7(16-18), 8-6	3
USO	1980	USA	John McEnroe	SWE	Björn Borg	7-6(7-4), 6-1, 6-7(5-7), 5-7, 6-4	4
AO	1981	RSA	Johan Kriek	USA	Steve Denton	6-2, 7-6(7-1), 6-7(1-7), 6-4	1
FO	1981	SWE	Björn Borg	TCH	Ivan Lendl	6-1, 4-6, 6-2, 3-6, 6-1	2
WO	1981	USA	John McEnroe	SWE	Björn Borg	4-6, 7-6(7-1), 7-6(7-4), 6-4	3
USO	1981	USA	John McEnroe	SWE	Björn Borg	4-6, 6-2, 6-4, 6-3	4
AO	1982	USA[m]	Johan Kriek	USA	Steve Denton	6-3, 6-3, 6-2	1
FO	1982	SWE	Mats Wilander	ARG	Guillermo Vilas	1-6, 7-6(8-6), 6-0, 6-4	2
WO	1982	USA	Jimmy Connors	USA	John McEnroe	3-6, 6-3, 6-7(2-7), 7-6(7-5), 6-4	3
USO	1982	USA	Jimmy Connors	TCH	Ivan Lendl	6-3, 6-2, 4-6, 6-4	4
AO	1983	SWE	Mats Wilander	TCH	Ivan Lendl	6-1, 6-4, 6-4	1
FO	1983	FRA	Yannick Noah	SWE	Mats Wilander	6-2, 7-5, 7-6(7-3)	2
WO	1983	USA	John McEnroe	NZL	Chris Lewis	6-2, 6-2, 6-2	3
USO	1983	USA	Jimmy Connors	TCH	Ivan Lendl	6-3, 6-7(2-7), 7-5, 6-0	4
AO	1984	SWE	Mats Wilander	RSA	Kevin Curren	6-7(5-7), 6-4, 7-6(7-3), 6-2	1
FO	1984	TCH	Ivan Lendl	USA	John McEnroe	3-6, 2-6, 6-4, 7-5, 7-5	2
WO	1984	USA	John McEnroe	USA	Jimmy Connors	6-1, 6-1, 6-2	3
USO	1984	USA	John McEnroe	TCH	Ivan Lendl	6-3, 6-4, 6-1	4
AO	1985	SWE	Stefan Edberg	SWE	Mats Wilander	6-4, 6-3, 6-3	1
FO	1985	SWE	Mats Wilander	TCH	Ivan Lendl	3-6, 6-4, 6-2, 6-2	2
WO	1985	FRG	Boris Becker	USA	Kevin Curren	6-3, 6-7(4-7), 7-6(7-3), 6-4	3
USO	1985	TCH	Ivan Lendl	USA	John McEnroe	7-6(7-1), 6-3, 6-4	4
AO	1986	—	None[e]	—	—	—	1
FO	1986	TCH	Ivan Lendl	SWE	Mikael Pernfors	6-3, 6-2, 6-4	2
WO	1986	FRG	Boris Becker	TCH	Ivan Lendl	6-4, 6-3, 7-5	3
USO	1986	TCH	Ivan Lendl	TCH	Miloslav Mečíř	6-4, 6-2, 6-0	4
AO	1987	SWE	Stefan Edberg	AUS	Pat Cash	6-3, 6-4, 3-6, 5-7, 6-3	1
FO	1987	TCH	Ivan Lendl	SWE	Mats Wilander	7-5, 6-2, 3-6, 7-6(7-3)	2
WO	1987	AUS	Pat Cash	TCH	Ivan Lendl	7-6(7-5), 6-2, 7-5	3
USO	1987	TCH	Ivan Lendl	SWE	Mats Wilander	6-7(7-9), 6-0, 7-6(7-4), 6-4	4
AO	1988	SWE	Mats Wilander	AUS	Pat Cash	6-3, 6-7(3-7), 3-6, 6-1, 8-6	1
FO	1988	SWE	Mats Wilander	FRA	Henri Leconte	7-5, 6-2, 6-1	2
WO	1988	SWE	Stefan Edberg	FRG	Boris Becker	4-6, 7-6(7-2), 6-4, 6-2	3
USO	1988	SWE	Mats Wilander	TCH	Ivan Lendl	6-4, 4-6, 6-3, 5-7, 6-4	4
AO	1989	TCH	Ivan Lendl	TCH	Miloslav Mečíř	6-2, 6-2, 6-2	1
FO	1989	USA	Michael Chang	SWE	Stefan Edberg	6-1, 3-6, 4-6, 6-4, 6-2	2
WO	1989	FRG	Boris Becker	SWE	Stefan Edberg	6-0, 7-6(7-1), 6-4	3
USO	1989	FRG	Boris Becker	TCH	Ivan Lendl	7-6(7-2), 1-6, 6-3, 7-6(7-4)	4
AO	1990	TCH	Ivan Lendl	SWE	Stefan Edberg	4-6, 7-6(7-3), 5-2 retired[k]	1
FO	1990	ECU	Andrés Gómez	USA	Andre Agassi	6-3, 2-6, 6-4, 6-4	2
WO	1990	SWE	Stefan Edberg	GER	Boris Becker	6-2, 6-2, 3-6, 3-6, 6-4	3
USO	1990	USA	Pete Sampras	USA	Andre Agassi	6-4, 6-3, 6-2	4
AO	1991	GER	Boris Becker	TCH	Ivan Lendl	1-6, 6-4, 6-4, 6-4	1
FO	1991	USA	Jim Courier	USA	Andre Agassi	3-6, 6-4, 2-6, 6-1, 6-4	2
WO	1991	GER	Michael Stich	GER	Boris Becker	6-4, 7-6(7-4), 6-4	3
USO	1991	SWE	Stefan Edberg	USA	Jim Courier	6-2, 6-4, 6-0	4
AO	1992	USA	Jim Courier	SWE	Stefan Edberg	6-3, 3-6, 6-4, 6-2	1
FO	1992	USA	Jim Courier	TCH	Petr Korda	7-5, 6-2, 6-1	2
WO	1992	USA	Andre Agassi	CRO	Goran Ivanišević	6-7(8-10), 6-4, 6-4, 1-6, 6-4	3
USO	1992	SWE	Stefan Edberg	USA	Pete Sampras	3-6, 6-4, 7-6(7-5), 6-2	4
AO	1993	USA	Jim Courier	SWE	Stefan Edberg	6-2, 6-1, 2-6, 7-5	1
FO	1993	ESP	Sergi Bruguera	USA	Jim Courier	6-4, 2-6, 6-2, 3-6, 6-3	2
WO	1993	USA	Pete Sampras	USA	Jim Courier	7-6(7-3), 7-6(8-6), 3-6, 6-3	3
USO	1993	USA	Pete Sampras	FRA	Cédric Pioline	6-4, 6-4, 6-3	4
AO	1994	USA	Pete Sampras	USA	Todd Martin	7-6(7-4), 6-4, 6-4	1
FO	1994	ESP	Sergi Bruguera	ESP	Alberto Berasategui	6-3, 7-5, 2-6, 6-1	2
WO	1994	USA	Pete Sampras	CRO	Goran Ivanišević	7-6(7-2), 7-6(7-5), 6-0	3
USO	1994	USA	Andre Agassi	GER	Michael Stich	6-1, 7-6(7-5), 7-5	4
AO	1995	USA	Andre Agassi	USA	Pete Sampras	4-6, 6-1, 7-6(8-6), 6-4	1
FO	1995	AUT	Thomas Muster	USA	Michael Chang	7-5, 6-2, 6-4	2
WO	1995	USA	Pete Sampras	GER	Boris Becker	6-7(5-7), 6-2, 6-4, 6-2	3
USO	1995	USA	Pete Sampras	USA	Andre Agassi	6-4, 6-3, 4-6, 7-5	4
AO	1996	GER	Boris Becker	USA	Michael Chang	6-2, 6-4, 2-6, 6-2	1
FO	1996	RUS	Yevgeny Kafelnikov	GER	Michael Stich	7-6(7-4), 7-5, 7-6(7-4)	2
WO	1996	NED	Richard Krajicek	USA	MaliVai Washington	6-3, 6-4, 6-3	3
USO	1996	USA	Pete Sampras	USA	Michael Chang	6-1, 6-4, 7-6(7-3)	4
AO	1997	USA	Pete Sampras	ESP	Carlos Moyá	6-2, 6-3, 6-3	1
FO	1997	BRA	Gustavo Kuerten	ESP	Sergi Bruguera	6-3, 6-4, 6-2	2
WO	1997	USA	Pete Sampras	FRA	Cédric Pioline	6-4, 6-2, 6-4	3
USO	1997	AUS	Patrick Rafter	GBR	Greg Rusedski	6-3, 6-2, 4-6, 7-5	4
AO	1998	CZE	Petr Korda	CHI	Marcelo Ríos	6-2, 6-2, 6-2	1
FO	1998	ESP	Carlos Moyá	ESP	Àlex Corretja	6-3, 7-5, 6-3	2
WO	1998	USA	Pete Sampras	CRO	Goran Ivanišević	6-7(2-7), 7-6(11-9), 6-4, 3-6, 6-2	3
USO	1998	AUS	Patrick Rafter	AUS	Mark Philippoussis	6-3, 3-6, 6-2, 6-0	4
AO	1999	RUS	Yevgeny Kafelnikov	SWE	Thomas Enqvist	4-6, 6-0, 6-3, 7-6(7-1)	1
FO	1999	USA	Andre Agassi	UKR	Andrei Medvedev	1-6, 2-6, 6-4, 6-3, 6-4	2
WO	1999	USA	Pete Sampras	USA	Andre Agassi	6-3, 6-4, 7-5	3
USO	1999	USA	Andre Agassi	USA	Todd Martin	6-4, 6-7(5-7), 6-7(2-7), 6-3, 6-2	4
AO	2000	USA	Andre Agassi	RUS	Yevgeny Kafelnikov	3-6, 6-3, 6-2, 6-4	1
FO	2000	BRA	Gustavo Kuerten	SWE	Magnus Norman	6-2, 6-3, 2-6, 7-6(8-6)	2
WO	2000	USA	Pete Sampras	AUS	Patrick Rafter	6-7(10-12), 7-6(7-5), 6-4, 6-2	3
USO	2000	RUS	Marat Safin	USA	Pete Sampras	6-4, 6-3, 6-3	4
AO	2001	USA	Andre Agassi	FRA	Arnaud Clément	6-4, 6-2, 6-2	1
FO	2001	BRA	Gustavo Kuerten	ESP	Àlex Corretja	6-7(3-7), 7-5, 6-2, 6-0	2
WO	2001	CRO	Goran Ivanišević	AUS	Patrick Rafter	6-3, 3-6, 6-3, 2-6, 9-7	3
USO	2001	AUS	Lleyton Hewitt	USA	Pete Sampras	7-6(7-4), 6-1, 6-1	4
AO	2002	SWE	Thomas Johansson	RUS	Marat Safin	3-6, 6-4, 6-4, 7-6(7-4)	1
FO	2002	ESP	Albert Costa	ESP	Juan Carlos Ferrero	6-1, 6-0, 4-6, 6-3	2
WO	2002	AUS	Lleyton Hewitt	ARG	David Nalbandian	6-1, 6-3, 6-2	3
USO	2002	USA	Pete Sampras	USA	Andre Agassi	6-3, 6-4, 5-7, 6-4	4
AO	2003	USA	Andre Agassi	GER	Rainer Schüttler	6-2, 6-2, 6-1	1
FO	2003	ESP	Juan Carlos Ferrero	NED	Martin Verkerk	6-1, 6-3, 6-2	2
WO	2003	SUI	Roger Federer	AUS	Mark Philippoussis	7-6(7-5), 6-2, 7-6(7-3)	3
USO	2003	USA	Andy Roddick	ESP	Juan Carlos Ferrero	6-3, 7-6(7-2), 6-3	4
AO	2004	SUI	Roger Federer	RUS	Marat Safin	7-6(7-3), 6-4, 6-2	1
FO	2004	ARG	Gastón Gaudio	ARG	Guillermo Coria	0-6, 3-6, 6-4, 6-1, 8-6	2
WO	2004	SUI	Roger Federer	USA	Andy Roddick	4-6, 7-5, 7-6(7-3), 6-4	3
USO	2004	SUI	Roger Federer	AUS	Lleyton Hewitt	6-0, 7-6(7-3), 6-0	4
AO	2005	RUS	Marat Safin	AUS	Lleyton Hewitt	1-6, 6-3, 6-4, 6-4	1
FO	2005	ESP	Rafael Nadal	ARG	Mariano Puerta	6-7(6-8), 6-3, 6-1, 7-5	2
WO	2005	SUI	Roger Federer	USA	Andy Roddick	6-2, 7-6(7-2), 6-4	3
USO	2005	SUI	Roger Federer	USA	Andre Agassi	6-3, 2-6, 7-6(7-1), 6-1	4
AO	2006	SUI	Roger Federer	CYP	Marcos Baghdatis	5-7, 7-5, 6-0, 6-2	1
FO	2006	ESP	Rafael Nadal	SUI	Roger Federer	1-6, 6-1, 6-4, 7-6(7-4)	2
WO	2006	SUI	Roger Federer	ESP	Rafael Nadal	6-0, 7-6(7-5), 6-7(2-7), 6-3	3
USO	2006	SUI	Roger Federer	USA	Andy Roddick	6-2, 4-6, 7-5, 6-1	4
AO	2007	SUI	Roger Federer	CHI	Fernando González	7-6(7-2), 6-4, 6-4	1
FO	2007	ESP	Rafael Nadal	SUI	Roger Federer	6-3, 4-6, 6-3, 6-4	2
WO	2007	SUI	Roger Federer	ESP	Rafael Nadal	7-6(9-7), 4-6, 7-6(7-3), 2-6, 6-2	3
USO	2007	SUI	Roger Federer	SRB	Novak Djokovic	7-6(7-4), 7-6(7-2), 6-4	4
AO	2008	SRB	Novak Djokovic	FRA	Jo-Wilfried Tsonga	4-6, 6-4, 6-3, 7-6(7-2)	1
FO	2008	ESP	Rafael Nadal	SUI	Roger Federer	6-1, 6-3, 6-0	2
WO	2008	ESP	Rafael Nadal	SUI	Roger Federer	6-4, 6-4, 6-7(5-7), 6-7(8-10), 9-7	3
USO	2008	SUI	Roger Federer	GBR	Andy Murray	6-2, 7-5, 6-2	4
AO	2009	ESP	Rafael Nadal	SUI	Roger Federer	7-5, 3-6, 7-6(7-3), 3-6, 6-2	1
FO	2009	SUI	Roger Federer	SWE	Robin Söderling	6-1, 7-6(7-1), 6-4	2
WO	2009	SUI	Roger Federer	USA	Andy Roddick	5-7, 7-6(8-6), 7-6(7-5), 3-6, 16-14	3
USO	2009	ARG	Juan Martín del Potro	SUI	Roger Federer	3-6, 7-6(7-5), 4-6, 7-6(7-4), 6-2	4
AO	2010	SUI	Roger Federer	GBR	Andy Murray	6-3, 6-4, 7-6(13-11)	1
FO	2010	ESP	Rafael Nadal	SWE	Robin Söderling	6-4, 6-2, 6-4	2
WO	2010	ESP	Rafael Nadal	CZE	Tomáš Berdych	6-3, 7-5, 6-4	3
USO	2010	ESP	Rafael Nadal	SRB	Novak Djokovic	6-4, 5-7, 6-4, 6-2	4
AO	2011	SRB	Novak Djokovic	GBR	Andy Murray	6-4, 6-2, 6-3	1
FO	2011	ESP	Rafael Nadal	SUI	Roger Federer	7-5, 7-6(7-3), 5-7, 6-1	2
WO	2011	SRB	Novak Djokovic	ESP	Rafael Nadal	6-4, 6-1, 1-6, 6-3	3
USO	2011	SRB	Novak Djokovic	ESP	Rafael Nadal	6-2, 6-4, 6-7(3-7), 6-1	4
AO	2012	SRB	Novak Djokovic	ESP	Rafael Nadal	5-7, 6-4, 6-2, 6-7(5-7), 7-5	1
FO	2012	ESP	Rafael Nadal	SRB	Novak Djokovic	6-4, 6-3, 2-6, 7-5	2
WO	2012	SUI	Roger Federer	GBR	Andy Murray	4-6, 7-5, 6-3, 6-4	3
USO	2012	GBR	Andy Murray	SRB	Novak Djokovic	7-6(12-10), 7-5, 2-6, 3-6, 6-2	4
AO	2013	SRB	Novak Djokovic	GBR	Andy Murray	6-7(2-7), 7-6(7-3), 6-3, 6-2	1
FO	2013	ESP	Rafael Nadal	ESP	David Ferrer	6-3, 6-2, 6-3	2
WO	2013	GBR	Andy Murray	SRB	Novak Djokovic	6-4, 7-5, 6-4	3
USO	2013	ESP	Rafael Nadal	SRB	Novak Djokovic	6-2, 3-6, 6-4, 6-1	4
AO	2014	SUI	Stan Wawrinka	ESP	Rafael Nadal	6-3, 6-2, 3-6, 6-3	1
FO	2014	ESP	Rafael Nadal	SRB	Novak Djokovic	3-6, 7-5, 6-2, 6-4	2
WO	2014	SRB	Novak Djokovic	SUI	Roger Federer	6-7(7-9), 6-4, 7-6(7-4), 5-7, 6-4	3
USO	2014	CRO	Marin Čilić	JPN	Kei Nishikori	6-3, 6-3, 6-3	4
AO	2015	SRB	Novak Djokovic	GBR	Andy Murray	7-6(7-5), 6-7(4-7), 6-3, 6-0	1
FO	2015	SUI	Stan Wawrinka	SRB	Novak Djokovic	4-6, 6-4, 6-3, 6-4	2
WO	2015	SRB	Novak Djokovic	SUI	Roger Federer	7-6(7-1), 6-7(10-12), 6-4, 6-3	3
USO	2015	SRB	Novak Djokovic	SUI	Roger Federer	6-4, 5-7, 6-4, 6-4	4
AO	2016	SRB	Novak Djokovic	GBR	Andy Murray	6-1, 7-5, 7-6(7-3)	1
